siren,nom,annee,chiffre_affaires,resultat,marge_brute,excedent_brut_exploitation,resultat_exploitation,marge_nette,taux_marge_EBITDA,taux_marge_operationnelle,dettes_financieres,tresorerie,capacite_autofinancement,valeur_ajoutee,salaires_charges_sociales,BFR,ratio_endettement,autonomie_financiere,rentabilite_economique,rentabilite_fonds_propres,effectif
793165234,LAVE MONT LAVERIES MONTMARTRE,2024,387472,20598,391893,61132,42986,5.3,15.8,11.1,149849,32742,38745,98419,45651,-123789,0.7,39.2,4.5,11.6,2
793165234,LAVE MONT LAVERIES MONTMARTRE,2023,215810,2055,218380,15609,2224,1,7.2,1,183022,20305,15440,50605,36139,-116580,1,34.2,0.4,1.3,2
793165234,LAVE MONT LAVERIES MONTMARTRE,2022,165870,32909,0,0,0,,,,0,0,0,0,0,0,,,,,1
793165234,LAVE MONT LAVERIES MONTMARTRE,2021,117676,8620,121235,10659,8839,7.3,9.1,7.5,37791,8633,10439,18445,11118,-84287,0.2,50,3.5,7,
793165234,LAVE MONT LAVERIES MONTMARTRE,2020,130556,8815,0,0,0,,,,0,0,0,0,0,0,,,,,
793165234,LAVE MONT LAVERIES MONTMARTRE,2019,141434,22258,140950,27277,25859,15.7,19.3,18.3,35592,7647,23677,40150,11722,-85249,0.3,46.2,9.8,21.2,
793165234,LAVE MONT LAVERIES MONTMARTRE,2018,150590,27570,148907,29418,20696,18.3,19.5,13.7,57880,7743,36292,40315,9185,-79364,0.6,37.6,12.5,33.3,
793165234,LAVE MONT LAVERIES MONTMARTRE,2017,156868,13394,154718,26983,16943,8.5,17.2,10.8,104205,4530,23434,39570,10833,-114445,1.8,19.9,4.8,24.2,1
793165234,LAVE MONT LAVERIES MONTMARTRE,2016,0,,,,,,,,,,,,,,,,,,
793165234,LAVE MONT LAVERIES MONTMARTRE,2015,170537,14918,166283,32437,23031,8.7,19,13.5,168893,16143,24324,38269,4139,-106958,5.2,9.4,4.8,51,
793165234,LAVE MONT LAVERIES MONTMARTRE,2014,179345,11308,173730,29377,19467,6.3,16.4,10.9,199881,17257,21218,36651,1101,-98203,12.8,4.6,3.6,79,
444720593,FINANCIERE MENILMONTANT,2020,101817,-4544,108256,-2795,-3836,-4.5,-2.7,-3.8,43342,53885,-3503,37871,62561,-3495,-0.5,27.3,-5.8,-21.1,
444720593,FINANCIERE MENILMONTANT,2019,147666,14008,0,0,0,,,,0,0,0,0,0,0,,,,,
444720593,FINANCIERE MENILMONTANT,2018,146507,8040,143722,13595,9193,5.5,9.3,6.3,21110,21003,12442,72560,58565,-1168,0,24.4,16.3,66.9,
444720593,FINANCIERE MENILMONTANT,2017,151943,5899,152073,5679,-952,3.9,3.7,-0.6,24860,12609,12530,75320,70349,-1101,3.1,8,11.8,148,
444720593,FINANCIERE MENILMONTANT,2016,150264,2158,149012,500,-7727,1.4,0.3,-5.1,31839,16360,10385,68750,65673,-10403,-8.1,-3.4,3.8,-112.8,
444720593,FINANCIERE MENILMONTANT,2015,0,0,0,0,0,,,,0,0,0,0,0,0,,,,,
381354810,STARWASH,2024,450044,155934,444911,206259,198272,34.6,45.8,44.1,26552,865172,163921,223661,10991,2628,-0.9,93.9,15.7,16.8,
381354810,STARWASH,2023,396832,136663,488889,89524,170196,34.4,22.6,42.9,54340,786531,152531,101340,6092,-54863,-0.9,87,15.3,17.6,
381354810,STARWASH,2022,308310,50878,311102,83151,64988,16.5,27,21.1,83266,618916,69041,90890,10522,-10154,-0.8,80.1,6.4,8,
381354810,STARWASH,2021,269007,13240,265080,31196,14592,4.9,11.6,5.4,105118,578696,29844,59242,22730,-18046,-0.8,81.2,1.8,2.3,
381354810,STARWASH,2020,262597,-14760,258078,4836,-13534,-5.6,1.8,-5.2,113694,558702,3610,33007,24511,-8449,-0.8,81,-2.1,-2.6,
381354810,STARWASH,2019,316972,190271,314601,32565,16092,60,10.3,5.1,38864,488315,210744,66490,27317,-13875,-0.8,89.9,29.1,32.3,
381354810,STARWASH,2018,338250,14578,328530,37231,16294,4.3,11,4.8,46971,262908,35515,68775,26627,-12471,-0.5,84.4,3.1,3.7,
381354810,STARWASH,2017,362575,35079,354229,60386,41856,9.7,16.7,11.5,54781,232912,53609,93765,26781,-10553,-0.5,82.3,7.5,9.1,
381354810,STARWASH,2016,395766,52243,384217,81925,69160,13.2,20.7,17.5,62304,251500,65008,104860,18916,-55244,-0.5,73.2,11,15,
413153859,LAVERIE MAISONS ALFORT,2024,108452,25176,109083,4865,3588,23.2,4.5,3.3,14410,14214,26453,8650,,-20788,0,42.5,16.1,37.9,
413153859,LAVERIE MAISONS ALFORT,2023,108027,16467,0,0,0,,,,0,0,0,0,,0,,,,,
413153859,LAVERIE MAISONS ALFORT,2022,111226,-8256,0,0,0,,,,0,0,0,0,0,0,,,,,
413153859,LAVERIE MAISONS ALFORT,2021,99489,-23173,0,0,0,,,,0,0,0,0,0,0,,,,,
413153859,LAVERIE MAISONS ALFORT,2020,91739,-19037,91739,-19885,-25093,-20.8,-21.7,-27.4,28000,27855,-13828,-7292,10840,-62857,0,35.8,-12.1,-33.9,
413153859,LAVERIE MAISONS ALFORT,2019,114875,1196,0,0,0,,,,0,0,0,0,0,0,,,,,
413153859,LAVERIE MAISONS ALFORT,2018,119444,757,0,0,0,,,,,0,0,0,0,0,,,,,
413153859,LAVERIE MAISONS ALFORT,2017,120732,13259,0,0,0,,,,,0,0,0,0,0,,,,,
413153859,LAVERIE MAISONS ALFORT,2016,126602,7238,0,0,0,,,,0,0,0,0,0,0,,,,,
413153859,LAVERIE MAISONS ALFORT,2015,0,0,0,0,0,,,,0,0,0,0,0,0,,,,,
903047975,SARL FASO,2023,7460,2175,31947,-21409,2613,29.2,-287,35,20000,5886,2641,-20956,,-8699,4,9.8,6.1,61.9,
903047975,SARL FASO,2022,12313,697,12314,961,761,5.7,7.8,6.2,20000,3184,897,960,,-1559,12.6,5.8,3,52.2,
391394707,VOLTAIRE LAVERIE,2024,36119,-3438,35555,5349,961,-9.5,14.8,2.7,5730,37527,950,11121,4992,-12274,-0.5,70.2,-4,-5.6,
391394707,VOLTAIRE LAVERIE,2023,0,54898,613,-1202,-1202,,,,114,29560,54898,-1816,0,10605,-0.5,93.2,79.4,85.2,
391394707,VOLTAIRE LAVERIE,2022,31805,144214,31300,-8876,-10118,453.4,-27.9,-31.8,28278,210859,146582,3502,10567,-53429,-1.2,65.1,61.1,93.9,
391394707,VOLTAIRE LAVERIE,2018,63095,7062,61943,5687,1547,11.2,9,2.5,,1361,11202,16560,9451,-7501,0,86,6.9,8,1
391394707,VOLTAIRE LAVERIE,2017,69267,7200,69851,7945,7134,10.4,11.5,10.3,0,35357,10241,18611,9025,-32699,-0.3,74.7,5.3,7.1,1
391394707,VOLTAIRE LAVERIE,2016,64164,-154,63672,5466,2399,-0.2,8.5,3.7,4652,54209,3894,16337,8855,-21741,-0.4,77.2,-0.1,-0.1,
954046835,FIRELAV,2024,213225,20724,214397,78854,27084,9.7,37,12.7,111464,87429,72494,93924,,-390342,0.8,5.7,3.9,67.5,
850855065,LAVERIE N12,2021,19987,-5406,19987,-3415,-5015,-27,-17.1,-25.1,42536,,-3806,-2966,,-11658,-4.5,-20.3,-11.7,57.4,
850855065,LAVERIE N12,2020,22084,-4513,22042,-2597,-4057,-20.4,-11.8,-18.4,47327,,-3053,-2970,,-3060,-11.8,-8.6,-9.7,112.5,
519882377,LAVERIE FJL,2019,26712,-171,26240,272,-171,-0.6,1,-0.6,,5399,272,868,,-665,-0.2,97.7,-0.6,-0.6,
519882377,LAVERIE FJL,2018,26603,691,0,0,0,,,,,0,0,0,,0,,,,,
519882377,LAVERIE FJL,2017,27491,1711,,,,,,,,,,,,,,,,,
519882377,LAVERIE FJL,2016,25765,3425,24964,4551,4029,13.3,17.7,15.6,,13932,3947,5330,,-11144,-0.5,68.4,9.1,13.3,
519882377,LAVERIE FJL,2015,0,0,0,0,0,,,,,0,0,0,,0,,,,,
519882377,LAVERIE FJL,2014,0,0,0,0,0,,,,,0,0,0,,0,,,,,
883135089,CONCEPT LAV'ECO,2022,32100,1439,31151,5097,1693,4.5,15.9,5.3,,20098,4843,5634,,-57506,-3.7,8.6,2.3,26.7,
883135089,CONCEPT LAV'ECO,2021,25996,739,26123,4507,869,2.8,17.3,3.3,,8078,4376,4733,,-50329,-2,7.2,1.4,18.7,
883135089,CONCEPT LAV'ECO,2020,16944,216,16224,2006,254,1.3,11.8,1.5,,5585,1968,2952,,-49912,-1.7,6,0.4,6.7,
531057867,YS LAVERIE,2020,19443,3660,19443,3660,3660,18.8,18.8,18.8,,7419,3660,673,,-34063,-5.5,3.8,10.3,269.9,
531057867,YS LAVERIE,2019,25680,671,25747,1511,671,2.6,5.9,2.6,,3910,1511,1860,,-34214,1.7,-7.2,2.1,-29.1,
530772086,LES LAVERIES DE PARIS,2015,38863,14309,37653,-9180,-11837,36.8,-23.6,-30.5,0,11195,16965,-8309,,-25140,1.6,-29.8,59.4,-199.2,
530772086,LES LAVERIES DE PARIS,2014,67325,-2510,66308,2406,-720,-3.7,3.6,-1.1,14153,5631,617,3179,,-22389,-0.4,-92.8,-10.8,11.7,
507831709,ELECTR'EAU LAV,2018,144588,-513,139507,3843,-32,-0.4,2.7,0,170,14701,3362,32770,23823,-94545,-1.2,10.6,-0.5,-4.4,
507831709,ELECTR'EAU LAV,2017,127744,2208,123015,7338,3220,1.7,5.7,2.5,154,18052,6325,16629,6114,-97322,-1.5,11.1,2,18,1
507831709,ELECTR'EAU LAV,2016,144050,6974,120995,11295,7736,4.8,7.8,5.4,140,25618,10533,19484,5945,-102267,-2.5,8.8,6.1,69.3,
809487739,AU FIL DE L'EAU,2025,18868,-2400,18814,-2080,-2400,-12.7,-11,-12.7,,9525,-2081,-1007,,-28137,0.5,-190.7,-24.7,12.9,
809487739,AU FIL DE L'EAU,2024,10861,-1746,0,0,0,,,,,0,0,0,,0,,,,,
809487739,AU FIL DE L'EAU,2023,13278,-1630,0,0,0,,,,,0,0,0,,0,,,,,
809487739,AU FIL DE L'EAU,2022,8287,-4719,8176,-2960,-4719,-56.9,-35.7,-56.9,,7033,-2960,-2111,,-23939,0.6,-103.3,-38.1,36.9,
809487739,AU FIL DE L'EAU,2021,10395,2275,0,0,0,,,,,0,0,0,,0,,,,,
809487739,AU FIL DE L'EAU,2020,14453,1563,0,0,0,,,,,0,0,0,,0,,,,,
809487739,AU FIL DE L'EAU,2019,17461,-1531,0,0,0,,,,,0,0,0,,0,,,,,
809487739,AU FIL DE L'EAU,2018,23572,3589,0,0,0,,,,0,0,0,0,,0,,,,,
809487739,AU FIL DE L'EAU,2016,15161,-5422,14584,4960,-4846,-35.8,32.7,-32,29188,1604,4384,5137,,-23538,-2.4,-27.7,-12.9,46.5,
483359030,LE FER A LA MAIN,2023,8433,-4413,8457,-5950,-4413,-52.3,-70.6,-52.3,7226,7309,-5949,-2710,2818,-2046,0,14.3,-30.6,-213.7,
483359030,LE FER A LA MAIN,2022,8707,-2251,8707,-2099,-2251,-25.9,-24.1,-25.9,0,7394,-2099,-1636,0,-3407,-1.1,48.4,-16.8,-34.7,
483359030,LE FER A LA MAIN,2021,5679,2525,0,0,0,,,,,0,0,0,,0,,,,,
483359030,LE FER A LA MAIN,2020,8738,2674,0,0,0,,,,,0,0,0,0,0,,,,,
483359030,LE FER A LA MAIN,2019,12821,-12,0,0,0,,,,,0,0,0,0,0,,,,,
483359030,LE FER A LA MAIN,2018,14034,5,14485,224,203,0,1.6,1.4,,554,26,1374,1138,76,-0.2,46.9,0.1,0.1,
483359030,LE FER A LA MAIN,2017,11449,-7,0,0,0,,,,,0,0,0,0,0,,,,,
483359030,LE FER A LA MAIN,2016,13755,9903,13731,-2067,-2984,72,-15,-21.7,4052,8984,10820,-279,1097,-3421,-1.4,30.2,84.4,279.4,
483359030,LE FER A LA MAIN,2015,14546,286,15335,499,352,2,3.4,2.4,18895,13367,1286,2414,1164,-3778,-0.9,-38.9,1.7,-4.5,
414759100,CLISSON LAVA,2021,127279,9154,118219,11179,9259,7.2,8.8,7.3,108,13253,11075,38282,25398,-46108,-0.7,27.3,13.5,49.4,1
414759100,CLISSON LAVA,2020,107982,-9498,0,0,0,,,,0,0,0,0,0,0,,,,,1
414759100,CLISSON LAVA,2019,132966,7907,0,0,0,,,,0,0,0,0,0,0,,,,,1
414759100,CLISSON LAVA,2018,134634,6755,0,0,0,,,,0,0,0,0,0,0,,,,,0
414759100,CLISSON LAVA,2017,117177,341,107049,1823,607,0.3,1.6,0.5,2237,4220,1557,29560,25679,-56823,-0.5,6,0.5,8.1,
414759100,CLISSON LAVA,2016,110587,-2368,102445,-1849,-2054,-2.1,-1.7,-1.9,44657,11715,-2163,26426,25615,-18294,8.5,5.6,-3.4,-61,
414759100,CLISSON LAVA,2015,110521,654,102340,1144,808,0.6,1,0.7,,9801,990,29297,25480,-54715,-1.6,9.7,1,10.5,
377823844,NMJP,2024,332545,153437,337942,81939,64574,46.1,24.6,19.4,38730,143642,170802,81527,5977,126331,-0.2,78,22.8,29.3,
377823844,NMJP,2023,323390,45439,320942,72855,55390,14.1,22.5,17.1,54730,143556,62904,84267,10054,-32256,-0.2,79.9,9.8,12.3,
377823844,NMJP,2022,249202,30638,248415,52919,35696,12.3,21.2,14.3,70621,91776,47861,65976,12243,-27020,-0.1,76.1,7.2,9.4,
377823844,NMJP,2021,174101,-4925,171849,7740,-4805,-2.8,4.4,-2.8,48000,57883,7620,22161,12978,-19187,0,80.4,-1.3,-1.7,
377823844,NMJP,2020,156600,-18820,153396,-12662,-18820,-12,-8.1,-12,70000,63655,-12662,947,11068,-6728,0,76.3,-4.8,-6.3,
377823844,NMJP,2019,194836,7819,190898,12838,9199,4,6.6,4.7,0,45162,11458,30568,13132,-6820,-0.1,91.6,2.3,2.5,
377823844,NMJP,2018,204679,22697,198417,26383,25881,11.1,12.9,12.6,,77439,23199,44160,13513,-21054,-0.2,91.8,6.7,7.3,
377823844,NMJP,2017,191766,10791,186465,12696,11730,5.6,6.6,6.1,,49526,11757,30497,13477,-10326,-0.2,92.7,3.5,3.8,
377823844,NMJP,2016,207984,13534,199978,17171,15043,6.5,8.3,7.2,,38864,15662,36716,14434,-11351,-0.1,94.5,4.6,4.9,
851425827,G M LAVERIE,2023,64674,3069,16831,5579,3099,4.7,8.6,4.8,73947,9744,13708,5581,,2678,-27.6,-2.7,3.5,-131.9,
851425827,G M LAVERIE,2022,76431,916,13732,9555,916,1.2,12.5,1.2,73629,756,11555,9556,,-1361,-13.5,-7,1.2,-17,
851425827,G M LAVERIE,2020,42494,-10035,48586,-7247,-9244,-23.6,-17.1,-21.8,93198,2450,-1946,-7246,,-6035,-9.7,-10.4,-11.1,107.5,
851425827,G M LAVERIE,2019,0,-300,0,-300,-300,,,,30360,31000,-300,-300,,60,-0.9,2.3,-1,-42.9,
790116032,LAVERIE MJ,2017,72875,2496,72876,13852,2496,3.4,19,3.4,,32527,13852,15661,,-138657,-9,2.5,1.8,69.4,
790116032,LAVERIE MJ,2016,67624,1217,67624,12394,1217,1.8,18.3,1.8,,19321,12394,14229,,-137527,-8.7,1.6,0.9,54.9,
790116032,LAVERIE MJ,2015,60838,-1934,60838,2981,-1934,-3.2,4.9,-3.2,,14009,2980,5484,,-141013,15,-0.7,-1.4,207.1,
790116032,LAVERIE MJ,2014,40159,5996,40159,7275,5996,14.9,18.1,14.9,,8637,7275,7598,,-9361,-1.2,36.4,31.2,85.7,
790116032,LAVERIE MJ,2013,46878,6831,46882,7111,6831,14.6,15.2,14.6,,21797,7111,8143,,-21034,-2.8,26,22.7,87.2,
803883990,HBJJ,2021,56611,8056,46759,15079,9478,14.2,26.6,16.7,,18717,13655,28500,12404,-32483,-0.6,47,12.6,26.8,
803883990,HBJJ,2020,0,0,0,0,0,,,,,0,0,0,0,0,,,,,
308240308,PRIBA SARL,2022,97282,4775,96533,6682,5618,4.9,6.9,5.8,8247,79872,5839,34804,25291,-934,-0.6,82.9,3.1,3.8,
308240308,PRIBA SARL,2021,82362,4112,82015,5695,4278,5,6.9,5.2,,66149,5529,25564,19427,-1020,-0.5,85.7,2.9,3.4,
308240308,PRIBA SARL,2020,93133,1210,0,0,0,,,,,0,0,0,0,0,,,,,
308240308,PRIBA SARL,2019,117311,-846,116017,2539,-846,-0.7,2.2,-0.7,15747,80358,2539,51216,43826,-7529,-0.6,71.9,-0.5,-0.7,
308240308,PRIBA SARL,2018,125258,5186,123631,6105,-1528,4.1,4.9,-1.2,,77562,12816,62805,52331,-23018,-0.7,78.8,3.5,4.4,
308240308,PRIBA SARL,2017,147589,-3585,145666,14142,-3488,-2.4,9.6,-2.4,,35897,14044,67763,50107,-32151,-0.3,74.3,-2.4,-3.2,
308240308,PRIBA SARL,2016,159380,7177,156694,31548,8701,4.5,19.8,5.5,5486,33125,30020,80294,44699,-30930,-0.2,75.3,4.6,6.2,
308240308,PRIBA SARL,2015,0,0,0,0,0,,,,0,0,0,0,0,0,,,,,
308240308,PRIBA SARL,2014,0,0,0,0,0,,,,0,0,0,0,0,0,,,,,
529440372,LAVOTRONIC,2016,84578,4358,83751,33162,4356,5.2,39.2,5.2,109000,16260,33164,35502,,-5147,1.2,40.1,2.3,5.7,
841717416,SS SWHAT SERVICE,2023,2070,31489,2070,-1338,-1972,1521.2,-64.6,-95.3,23553,6725,32123,-1255,,33919,1,42.1,77.5,184.2,
841717416,SS SWHAT SERVICE,2022,39445,357,39445,10581,907,0.9,26.8,2.3,49071,2061,10031,11508,,-6147,-3.3,-35.2,0.9,-2.5,
841717416,SS SWHAT SERVICE,2021,37267,3300,37267,13485,3811,8.9,36.2,10.2,61281,2316,12974,14408,,-4223,-4,-28.4,6.4,-22.4,
841717416,SS SWHAT SERVICE,2020,34555,511,34556,10796,1122,1.5,31.2,3.2,71825,1299,10185,11635,,-5635,-3.9,-30.4,0.9,-2.8,
841717416,SS SWHAT SERVICE,2019,24185,-12765,0,0,0,,,,0,0,0,0,,0,,,,,
841717416,SS SWHAT SERVICE,2018,0,-6801,0,-6765,-6777,,,,85825,50010,-6789,-6766,0,25436,-6.2,-7.2,-8.5,117.2,
383474947,DELROCHE,2015,93282,6137,84765,7900,7369,6.6,8.5,7.9,5093,5443,6668,24487,15907,-5793,0,83.6,5.4,6.5,
383474947,DELROCHE,2014,88969,5440,94603,10450,9671,6.1,11.7,10.9,18,1530,6219,31350,20093,-7114,0,82.2,5.1,6.2,
383474947,DELROCHE,2013,87388,4586,85631,9018,7333,5.2,10.3,8.4,2083,7646,6271,24509,15265,-17385,-0.1,78.4,4.3,5.5,
844765032,BUBBLE WASH,2022,34096,20723,21769,2599,2598,60.8,7.6,7.6,60048,5973,20723,2599,,4390,11.6,6.3,28,444.4,
844765032,BUBBLE WASH,2021,25800,-18057,25800,-6994,-18893,-70,-27.1,-73.2,63325,5247,-6158,-6602,,-12329,-3.6,-22.4,-25.2,112.4,
410726376,LA LAVERIE DA LA BOURSE,2023,23096,-3569,23098,-2858,-2857,-15.5,-12.4,-12.4,,2370,-3569,-1719,,-7663,0.5,-187.3,-127.1,67.9,
410726376,LA LAVERIE DA LA BOURSE,2022,19103,1344,0,0,0,,,,,0,0,0,,0,,,,,
410726376,LA LAVERIE DA LA BOURSE,2021,10417,773,0,0,0,,,,,0,0,0,,0,,,,,
410726376,LA LAVERIE DA LA BOURSE,2020,7050,1742,0,0,0,,,,,0,0,0,,0,,,,,
410726376,LA LAVERIE DA LA BOURSE,2017,6300,-4931,6300,-4931,-4931,-78.3,-78.3,-78.3,,7639,-4931,920,,-27064,0.4,-248.3,-63.1,25.4,
410726376,LA LAVERIE DA LA BOURSE,2016,12000,-13362,12000,-13362,-13362,-111.3,-111.3,-111.3,,7639,-13362,-6300,,-22134,0.5,-178.7,-165.1,92.4,
410726376,LA LAVERIE DA LA BOURSE,2015,9450,-4015,8874,-4015,-4015,-42.5,-42.5,-42.5,,8039,-4015,1836,,-9171,7.3,-5.3,-19.2,365,
410726376,LA LAVERIE DA LA BOURSE,2014,21513,-944,21513,-943,-944,-4.4,-4.4,-4.4,,8039,-944,270,,-5157,-2.8,12.4,-4,-32.4,
352020838,LAVERIE TELEGRAPHE,2021,69245,-5176,68651,1641,-5178,-7.5,2.4,-7.5,20000,19238,1637,22258,21000,-47743,0,20.9,-4.4,-21.2,
352020838,LAVERIE TELEGRAPHE,2020,54695,-24908,0,0,0,,,,0,0,0,0,0,0,,,,,
352020838,LAVERIE TELEGRAPHE,2019,58530,-4324,60543,1405,-4256,-7.4,2.4,-7.3,20000,10442,1337,18434,18637,-7611,0.2,49.3,-3.9,-7.9,
352020838,LAVERIE TELEGRAPHE,2018,55518,13630,0,0,0,,,,0,0,0,0,0,0,,,,,
352020838,LAVERIE TELEGRAPHE,2017,72230,2809,70698,7399,2898,3.9,10.2,4,15182,18860,7309,31743,22998,-29952,-0.1,48.3,3,6.2,
352020838,LAVERIE TELEGRAPHE,2016,71202,-925,69649,4453,-725,-1.3,6.3,-1,19182,12582,4254,29100,22789,-26982,0.2,45.2,-1,-2.2,
352020838,LAVERIE TELEGRAPHE,2015,0,0,0,0,0,,,,0,0,0,0,0,0,,,,,
913036976,LAVE'UB,2023,74179,-66811,70490,-20348,-36390,-90.1,-27.4,-49.1,210365,192268,-50768,5348,19907,-519145,-0.3,-9.8,-9.9,100.8,
408270320,LAVERIE D'AUTEUIL,2025,81527,10790,80069,12699,10828,13.2,15.6,13.3,,92772,12663,32864,18573,-4297,-0.9,92.2,9.2,10,
408270320,LAVERIE D'AUTEUIL,2024,71843,2321,0,0,0,,,,,0,0,0,0,0,,,,,
408270320,LAVERIE D'AUTEUIL,2023,66771,5102,0,0,0,,,,,0,0,0,0,0,,,,,
408270320,LAVERIE D'AUTEUIL,2022,54546,-1134,0,0,0,,,,,0,0,0,0,0,,,,,
408270320,LAVERIE D'AUTEUIL,2021,45733,-6697,45493,-6222,-6872,-14.6,-13.6,-15,,60336,-6048,11059,16746,25684,-0.6,94.6,-6,-6.4,
408270320,LAVERIE D'AUTEUIL,2020,85486,8100,0,0,0,,,,,0,0,0,0,0,,,,,
408270320,LAVERIE D'AUTEUIL,2019,125962,15177,72439,17337,17232,12,13.8,13.7,,110663,15284,34784,16340,-9971,-0.9,89.4,11.5,12.9,
408270320,LAVERIE D'AUTEUIL,2018,68968,27677,67303,31067,30863,40.1,45,44.7,,100145,27882,40093,7668,-7280,-0.9,88.9,22.4,25.2,
408270320,LAVERIE D'AUTEUIL,2017,53543,10547,0,0,0,,,,,0,0,0,0,0,,,,,
408270320,LAVERIE D'AUTEUIL,2016,55606,10374,,,,,,,,,,,,,,,,,
418915872,SARL CMP,2022,28140,837,28354,2753,837,3,9.8,3,,11978,2753,3053,,-98408,0.4,-42.9,1.2,-2.8,
418915872,SARL CMP,2021,30663,29,30527,2028,29,0.1,6.6,0.1,,10293,2028,2805,,-47769,0.3,-175,0.2,-0.1,
418915872,SARL CMP,2020,32178,1802,35024,4288,2338,5.6,13.3,7.3,,9382,3752,1920,,-48886,0.3,-164.7,9.8,-5.9,
418915872,SARL CMP,2019,31029,166,30915,1639,166,0.5,5.3,0.5,,7683,1638,2374,,-47975,0.2,-204.7,1.1,-0.5,
418915872,SARL CMP,2018,0,,,,,,,,,,,,,,,,,,
418915872,SARL CMP,2017,32035,4884,32051,5151,4884,15.2,16.1,15.2,,8170,5151,5732,,-50620,0.2,-265.5,35.3,-13.3,
418915872,SARL CMP,2016,31193,4149,31261,4582,4149,13.3,14.7,13.3,,10421,4582,5266,,-55873,0.3,-293,29.2,-10,
418915872,SARL CMP,2015,30112,1910,29876,2343,1910,6.3,7.8,6.3,,4925,2343,3082,,-55070,0.1,-494.3,20.6,-4.2,
418915872,SARL CMP,2014,30738,4942,30420,5380,4942,16.1,17.5,16.1,,2535,5379,6103,,-55023,0.1,-652.8,67.6,-10.4,
784611915,LE LIBRE SERVICE SOFIA,2022,153537,7048,149622,14994,8309,4.6,9.8,5.4,2061,180556,13733,46512,29296,-8341,-0.6,94.2,2.3,2.5,
784611915,LE LIBRE SERVICE SOFIA,2021,140638,-4986,136851,1616,-3866,-3.5,1.1,-2.7,3488,204307,496,39727,35287,-13930,-0.7,93.1,-1.7,-1.8,
784611915,LE LIBRE SERVICE SOFIA,2020,148285,-16803,145110,1236,-4120,-11.3,0.8,-2.8,3488,199257,-11447,38377,34690,-11149,-0.7,94,-5.6,-5.9,
784611915,LE LIBRE SERVICE SOFIA,2019,180888,12481,178210,20071,16086,6.9,11.1,8.9,3435,230445,16591,81785,60149,-28984,-0.8,85.8,3.6,4.1,
784611915,LE LIBRE SERVICE SOFIA,2018,188647,36785,187247,21959,17595,19.5,11.6,9.3,3225,224553,41621,61047,35255,-23341,-0.8,90.6,11.5,12.7,
784611915,LE LIBRE SERVICE SOFIA,2017,209853,15871,207803,23440,18726,7.6,11.2,8.9,3134,195384,20585,75359,48258,-31168,-0.8,86.9,5.5,6.3,
784611915,LE LIBRE SERVICE SOFIA,2016,231853,23349,230001,33148,27731,10.1,14.3,12,3134,188647,28766,91555,54827,-44946,-0.8,82.4,8.1,9.9,
784611915,LE LIBRE SERVICE SOFIA,2015,232882,20364,228941,32143,26452,8.7,13.8,11.4,3134,161844,26055,92547,56803,-46941,-0.7,80.3,7.7,9.6,
789142874,SEKMET,2024,44101,347,44101,2541,400,0.8,5.8,0.9,,6685,2488,3759,126,-49451,0.4,-22.6,0.5,-2,
789142874,SEKMET,2023,85762,28688,86312,34238,32098,33.5,39.9,37.4,,2676,30829,34849,88,-47489,0.2,-24.3,39.2,-161.3,
789142874,SEKMET,2022,0,,,,,,,,,,,,,,,,,,
789142874,SEKMET,2021,45728,29893,45728,31821,29969,65.4,69.6,65.5,,1160,31744,7881,0,-85059,0,-123.6,70.2,-56.8,
789142874,SEKMET,2020,18993,-5528,18993,-4986,-7127,-29.1,-26.3,-37.5,,976,-3387,-17912,,-116620,0,-214.7,-14.4,6.7,
789142874,SEKMET,2019,60826,923,,,,,,,,,,,,,,,,,
789142874,SEKMET,2018,58958,-55,58958,2159,17,-0.1,3.7,0,4176,475,2086,3607,,-111620,0,-121,-0.1,0.1,
789142874,SEKMET,2017,52417,220,52417,3232,801,0.4,6.2,1.5,6755,1907,2651,3232,,-112484,-0.1,-150.5,0.4,-0.3,
789142874,SEKMET,2016,31854,-18406,32572,-15762,-18193,-57.8,-49.5,-57.1,4982,1432,-15975,-17012,,-116433,0,-155.8,-36.7,23.6,
789142874,SEKMET,2015,44113,-11194,43542,-12023,-14455,-25.4,-27.3,-32.8,5644,0,-8763,-11479,,-98365,-0.1,-123.5,-23.2,18.8,
662026368,SOC LIBRE SERVICE RELAX 76,2016,85389,1116,82564,3392,1472,,,,528,39539,3036,-27642,53178,-17413,-1.1,63.1,2,3.2,
662026368,SOC LIBRE SERVICE RELAX 76,2015,0,167,76938,1359,232,,,,176,30347,1294,-27514,49701,-11609,-0.9,71.3,0.4,0.5,
523647410,SARL NAFICA,2021,44985,3933,44985,7385,4009,8.7,16.4,8.9,873,,7308,12159,,-19897,0.1,38.3,11.7,30.5,
523647410,SARL NAFICA,2020,37213,-2939,37268,242,-3218,-7.9,0.7,-8.6,579,,522,783,,-19999,0.1,30.3,-10,-32.9,
523647410,SARL NAFICA,2018,24334,4737,24334,6795,4780,19.5,27.9,19.6,,1978,6752,6795,,-19897,-0.1,42.7,13.6,31.9,
523647410,SARL NAFICA,2017,26246,631,25896,-7415,-9430,2.4,-28.3,-35.9,14304,,2646,-7012,,-10367,1.4,29.1,1.8,6.2,
523647410,SARL NAFICA,2016,33398,4471,0,0,0,,,,0,,0,0,,0,,,,,
523647410,SARL NAFICA,2015,22645,3417,22645,4332,3602,15.1,19.1,15.9,10000,616,4147,4332,,-13733,1.9,17.5,11.9,68.1,
523647410,SARL NAFICA,2014,23637,-2573,23637,-1475,-2206,-10.9,-6.2,-9.3,2123,,-1843,-1142,,-25141,1.3,4.2,-6.7,-160.8,
523647410,SARL NAFICA,2013,0,,,,,,,,,,,,,,,,,,
523647410,SARL NAFICA,2012,0,,,,,,,,,,,,,,,,,,
411178072,R M LAVAGE,2017,121939,2749,119587,-45,-18606,2.3,0,-15.3,1837,204,21310,1342,,-48874,0,42.3,3.1,7.3,
411178072,R M LAVAGE,2016,107345,7769,104307,-16607,-37060,7.2,-15.5,-34.5,4206,0,28222,-14895,,-67612,0.1,32.5,7.2,22.2,
411178072,R M LAVAGE,2015,108017,20495,107101,3907,14410,19,3.6,13.3,11784,6330,38812,3621,,-77901,0.2,22.8,17.2,75.2,
411178072,R M LAVAGE,2014,100886,-27516,99124,-10397,-28635,-27.3,-10.3,-28.4,6152,0,-9278,-8524,,-145936,-0.3,-16.3,-19.5,119.1,
512993783,LAVERIE DE L'ILE,2016,27487,-825,27454,2091,-712,-3,7.6,-2.6,,18554,1978,2091,,-64056,-2.5,9.8,-1.1,-11.3,
512993783,LAVERIE DE L'ILE,2015,0,0,0,0,0,,,,,0,0,0,,0,,,,,
512993783,LAVERIE DE L'ILE,2014,0,,,,,,,,,,,,,,,,,,
512993783,LAVERIE DE L'ILE,2013,25102,6274,24809,9165,7382,25,36.5,29.4,0,704,8057,9665,0,-39909,-0.1,19.6,12.6,64.3,
504568346,LOCLA,2015,79316,4629,76768,12581,6257,5.8,15.9,7.9,4921,13234,10953,14502,,-42850,-0.1,60.4,3.4,5.6,
504568346,LOCLA,2014,0,0,0,0,0,,,,0,0,0,0,,0,,,,,
323903930,SELNAS,2024,378034,105469,376577,137941,119566,27.9,36.5,31.6,23182,502175,123844,150558,9556,74372,-0.7,94.3,13.6,14.4,
323903930,SELNAS,2023,338992,106012,334940,145388,136913,31.3,42.9,40.4,53439,512618,114487,161107,10461,-29658,-0.7,87.9,14.9,16.9,
323903930,SELNAS,2022,280157,75517,278232,115491,96796,27,41.2,34.6,88338,428432,94212,131622,12873,-25060,-0.7,81.5,11.8,14.5,
323903930,SELNAS,2021,234075,37459,233579,66181,46651,16,28.3,19.9,99921,337596,56989,79591,11734,-13560,-0.5,78.8,6.6,8.4,
323903930,SELNAS,2020,225704,28580,221963,46902,30167,12.7,20.8,13.4,111050,312927,45315,50476,403,-12915,-0.5,74.9,5.2,7,
323903930,SELNAS,2019,277233,38986,271526,65409,49389,14.1,23.6,17.8,47450,203920,55006,73644,4226,2912,-0.4,85.8,8.8,10.3,
323903930,SELNAS,2018,277633,68307,271345,107603,90164,24.6,38.8,32.5,57932,183281,85746,118940,7528,-20854,-0.4,79.3,15.9,20.1,
323903930,SELNAS,2017,245925,47650,253983,64731,61605,19.4,26.3,25.1,74447,112759,65105,84679,13793,-19069,-0.1,73.6,12.9,17.5,
323903930,SELNAS,2016,0,,,,,,,,,,,,,,,,,,
341279065,HA LAVAGE,2024,100070,16290,98830,26033,16942,16.3,26,16.9,25752,50762,25380,38700,9676,-21094,-0.3,61.4,12,19.5,
341279065,HA LAVAGE,2023,94807,13215,93882,25351,14634,13.9,26.7,15.4,38629,39637,23932,35910,8375,-18589,0,52.2,10.3,19.7,
341279065,HA LAVAGE,2022,79670,31308,78530,3909,-5467,39.3,4.9,-6.9,35933,30836,40683,15180,8970,-19457,0.1,47.2,27.4,58,
341279065,HA LAVAGE,2021,83288,-11551,82671,414,-10669,-13.9,0.5,-12.8,45880,27210,-468,20180,16209,-29651,0.8,22.5,-11.5,-51,
341279065,HA LAVAGE,2020,77776,-10787,77102,438,-10096,-13.9,0.6,-13,52225,34609,-252,13558,12273,-30237,0.5,28,-8.8,-31.5,
341279065,HA LAVAGE,2019,94977,653,93990,10901,1391,0.7,11.5,1.5,34007,5195,10163,29131,15518,-16874,0.6,43.1,0.6,1.5,
428687941,CL LAVERIE LIBRE SERVICE,2024,49473,13556,48149,16472,15934,27.4,33.3,32.2,,10509,14094,17013,,-15054,-0.3,61.6,26.7,43.4,
428687941,CL LAVERIE LIBRE SERVICE,2023,44166,-82,0,0,0,,,,,0,0,0,,0,,,,,
428687941,CL LAVERIE LIBRE SERVICE,2022,38874,739,0,0,0,,,,,0,0,0,,0,,,,,
428687941,CL LAVERIE LIBRE SERVICE,2021,36354,1135,0,0,0,,,,,0,0,0,,0,,,,,
428687941,CL LAVERIE LIBRE SERVICE,2020,34287,-544,32343,25,-544,-1.6,0.1,-1.6,,5926,25,500,,-16796,-0.4,47.1,-1.6,-3.4,
428687941,CL LAVERIE LIBRE SERVICE,2019,36454,477,0,0,0,,,,,0,0,0,,0,,,,,
428687941,CL LAVERIE LIBRE SERVICE,2018,36371,509,34384,2909,509,1.4,8,1.4,,7180,2909,3363,,-19755,-0.4,43.1,1.4,3.2,
428687941,CL LAVERIE LIBRE SERVICE,2017,35425,-1214,33315,2077,-1130,-3.4,5.9,-3.2,,6681,1994,2582,,-22166,-0.4,37.8,-3,-7.8,
428687941,CL LAVERIE LIBRE SERVICE,2016,35225,1592,33127,5690,1951,4.5,16.2,5.5,,4889,5332,6169,,-22367,-0.3,39.9,3.8,9.5,
530327063,VDLJ,2023,75687,3018,74646,13325,5293,4,17.6,7,7376,6317,11050,14271,,-51916,0.2,10,4.4,44.4,
530327063,VDLJ,2022,66641,2234,66337,9961,3273,3.4,14.9,4.9,10360,7791,8922,10610,,-55135,0.7,5.3,3.2,59.1,
530327063,VDLJ,2021,50839,54,49668,11414,943,0.1,22.5,1.9,15330,3633,10525,402,,-48668,7.6,2.2,0.1,3.5,
530327063,VDLJ,2020,52171,-4771,51397,-1193,-13920,-9.1,-2.3,-26.7,20973,6586,7956,-953,,-56502,9.7,1.8,-5.7,-320.4,
530327063,VDLJ,2019,74344,-2139,73068,16096,-505,-2.9,21.7,-0.7,7838,2971,14462,16492,,-73981,0.8,7,-2.4,-34.2,
530327063,VDLJ,2018,81204,3019,78386,22970,6185,3.7,28.3,7.6,12608,1,19804,23337,,-78882,1.5,8.4,3,35.9,
530327063,VDLJ,2017,82877,229,81860,20710,3307,0.3,25,4,27467,6986,17632,21033,,-90812,3.8,4.2,0.2,4.3,
530327063,VDLJ,2016,78165,395,,,,,,,,,,,,,,,,,
514335546,SARL B.S,2023,39242,-2097,39242,-844,-845,-5.3,-2.2,-2.2,,10057,-2097,3240,2248,-119878,0.1,-596.1,-11.8,2,
514335546,SARL B.S,2022,33988,4092,33988,4092,4092,12,12,12,,1228,4092,6486,0,-108675,0,-1105,43.5,-3.9,
514335546,SARL B.S,2021,27017,3940,27017,3940,3940,14.6,14.6,14.6,,883,3940,-794,14,-112293,0,-2244,81.8,-3.6,
514335546,SARL B.S,2020,21589,-3886,21589,-89,-3886,-18,-0.4,-18,,2239,-90,-3979,410,-117588,0,-1044.7,-36.2,3.5,
514335546,SARL B.S,2019,27055,-7226,27055,-2205,-7226,-26.7,-8.2,-26.7,,46,-2200,844,1084,-115216,0,-1486.8,-99.4,6.7,
514335546,SARL B.S,2018,27320,-9340,26984,-4314,-9340,-34.2,-15.8,-34.2,,1227,-4314,-1450,908,-114131,0,-721,-66.7,9.3,
514335546,SARL B.S,2017,31124,-4168,31124,1182,-4168,-13.4,3.8,-13.4,103291,3670,1182,3969,823,-7627,-1.1,-424.9,-19.3,4.6,
514335546,SARL B.S,2016,30271,-6422,29928,-1353,-6578,-21.2,-4.5,-21.7,102468,302,-1197,647,202,-5410,-1.2,-397.9,-29.2,7.3,
514335546,SARL B.S,2015,29133,-2976,29134,2629,-2958,-10.2,9,-10.2,102365,945,2611,4873,346,-4971,-1.3,-294,-10.8,3.7,
391591914,NAKI NET,2015,197690,4461,197690,7310,5718,2.3,3.7,2.9,11404,16030,6053,95098,84398,-18479,0,82.8,2.6,3.1,
422883389,LAVERIE ORNANO,2017,33130,1100,33105,2250,740,3.3,6.8,2.2,985,483,2609,3261,,486,0,95.7,4.8,5,
422883389,LAVERIE ORNANO,2016,32630,1987,32422,3925,1987,6.1,12,6.1,,841,3924,4958,,-1810,0,91.2,8.7,9.5,
801819657,WASH HOUDRY,2019,37713,223,37164,-300,-777,0.6,-0.8,-2.1,20,3498,701,538,,-54914,-1.2,4.9,0.4,7.8,
801819657,WASH HOUDRY,2018,35405,-171,0,0,0,,,,0,0,0,0,,0,,,,,
801819657,WASH HOUDRY,2017,37545,-2024,0,0,0,,,,0,0,0,0,,0,,,,,
801819657,WASH HOUDRY,2016,35976,23,0,0,0,,,,0,0,0,0,,0,,,,,
792378572,JLS CONCEPT,2022,185009,33301,180613,40262,37570,18,21.8,20.3,39111,43830,35993,52533,9737,-19490,-0.1,55.7,24.7,44.3,
792378572,JLS CONCEPT,2021,135189,9031,132705,12981,10889,6.7,9.6,8.1,44631,15132,11123,15545,0,-14633,0.7,40.2,8.7,21.6,
792378572,JLS CONCEPT,2020,95879,10400,93377,13480,11971,10.8,14.1,12.5,1610,8711,11909,15041,,-7045,-0.2,78.1,24.8,31.7,
792378572,JLS CONCEPT,2019,88879,11289,86842,14735,13281,12.7,16.6,14.9,1061,13013,12743,16423,,-7997,-0.3,80.5,24.3,30.2,
792378572,JLS CONCEPT,2018,82224,7870,80545,11703,9517,9.6,14.2,11.6,21061,17784,10056,13141,,-5191,0.2,34.3,14.8,43.1,
792378572,JLS CONCEPT,2017,55166,7618,54622,10241,8962,13.8,18.6,16.2,22247,11319,9574,11395,,-7059,0.6,37.8,15.8,41.8,
414353235,SLAV SOCIETE LAVERIES AUTOMAT VERSAILLAISES,2024,322721,-13197,317102,27124,-3871,-4.1,8.4,-1.2,447522,23243,17798,79936,46237,-13906,14.2,6,-2.6,-44.1,
414353235,SLAV SOCIETE LAVERIES AUTOMAT VERSAILLAISES,2023,171329,-12252,167379,21210,-39479,-7.2,12.4,-23,277803,21440,48437,26606,3509,-18236,5.9,12.6,-3.6,-28.4,
414353235,SLAV SOCIETE LAVERIES AUTOMAT VERSAILLAISES,2022,77901,-16796,73610,-13183,-22013,-21.6,-16.9,-28.3,141539,10907,-7863,-7120,2195,-150,2.4,27.7,-8.4,-30.3,
414353235,SLAV SOCIETE LAVERIES AUTOMAT VERSAILLAISES,2021,66075,6898,64789,11344,9283,10.4,17.2,14,31300,35072,8959,12164,0,-2780,-0.1,65.4,6.3,9.6,
414353235,SLAV SOCIETE LAVERIES AUTOMAT VERSAILLAISES,2020,101110,28818,99939,13783,11514,28.5,13.6,11.4,34748,52831,31087,15489,,56674,-0.1,73.7,14.6,19.8,
414353235,SLAV SOCIETE LAVERIES AUTOMAT VERSAILLAISES,2017,142218,30229,141153,39282,35679,21.3,27.6,25.1,2974,43722,34215,61505,19956,-12112,-0.3,86,17.4,20.3,
414353235,SLAV SOCIETE LAVERIES AUTOMAT VERSAILLAISES,2016,155944,33212,154061,42982,39783,21.3,27.6,25.5,2546,57212,37563,70605,24938,-22325,-0.3,83.8,17.7,21.2,1
353562838,JCPF,2024,47211,9122,,,,,,,,,,,,,,,,,
353562838,JCPF,2023,47211,9122,,,,,,,,,,,,,,,,,
353562838,JCPF,2023,47211,9122,44968,13124,10732,19.3,27.8,22.7,,61661,11513,16564,2440,-58770,-2.1,33.3,10.3,31.1,
353562838,JCPF,2022,49737,11952,48450,17596,14390,24,35.4,28.9,,50000,15159,20569,2084,-58621,-2.5,25.6,15.1,59.1,
353562838,JCPF,2021,38095,3148,36492,7820,3409,8.3,20.5,8.9,,33490,7560,10983,2084,-57270,-4.1,12.6,4.8,38.1,
353562838,JCPF,2020,32270,-1667,31876,3950,-1667,-5.2,12.2,-5.2,29,21732,3950,7115,2166,-53042,-4.2,8.7,-2.8,-32.6,
353562838,JCPF,2019,43745,7414,42650,16323,7535,16.9,37.3,17.2,0,25017,16203,19527,2052,-52710,-3.7,11.4,12.5,109.2,
353562838,JCPF,2018,34874,451,34560,7389,451,1.3,21.2,1.3,,13703,7390,10588,2502,-53337,21.9,-1.2,0.8,-71.9,
353562838,JCPF,2017,30179,-4026,29577,587,-4026,-13.3,1.9,-13.3,,13524,587,3412,2180,-53488,12.5,-2,-7.6,373.5,
353562838,JCPF,2016,27056,284,26675,3024,284,1,11.2,1,32971,11312,3024,5429,2128,-1325,7.3,7.9,0.8,9.6,
353562838,JCPF,2015,29662,184,28607,2809,198,0.6,9.5,0.7,,8896,2797,5015,2206,-34221,-3.3,7.2,0.5,6.9,
844586909,LAV MJL,2024,96892,31263,96882,36882,36780,32.3,38.1,38,49900,62831,31365,43061,6632,-3802,-0.3,43.7,27.5,62.9,
844586909,LAV MJL,2023,87117,14552,86426,15878,15878,16.7,18.2,18.2,49900,36220,14552,24427,7603,-8045,0.7,23.7,18.7,78.9,
844586909,LAV MJL,2022,68795,6973,68021,6973,6973,10.1,10.1,10.1,49900,21455,6973,14169,5932,-7423,7.3,6.1,11,179.6,
844586909,LAV MJL,2021,52732,-7660,51898,-7327,-7660,-14.5,-13.9,-14.5,49900,7883,-7327,-656,5565,-823,-13.6,-6.2,-15.5,247.9,
844586909,LAV MJL,2020,48107,-6354,47397,-6021,-6354,-13.2,-12.5,-13.2,43900,13026,-6021,-5038,5,-4289,6.8,8.2,-11.4,-139,
833733538,RELAIS DE MARNE ET SEINE,2024,264787,7381,270259,24226,8721,2.8,9.1,3.3,48200,30608,22886,44830,18020,-99402,1.2,5.7,2.8,48.9,
833733538,RELAIS DE MARNE ET SEINE,2023,127425,3117,133235,9194,-1379,2.4,7.2,-1.1,17468,13797,13690,6746,,-81628,0.5,6.8,2.7,40.4,
833733538,RELAIS DE MARNE ET SEINE,2022,80019,383,0,0,0,,,,0,0,0,0,,0,,,,,
833733538,RELAIS DE MARNE ET SEINE,2021,45561,-1291,0,0,0,,,,0,0,0,0,0,0,,,,,
833733538,RELAIS DE MARNE ET SEINE,2020,8181,56,0,0,0,,,,0,,0,0,0,0,,,,,
833733538,RELAIS DE MARNE ET SEINE,2019,535070,-2303,0,0,0,,,,0,0,0,0,0,0,,,,,
833733538,RELAIS DE MARNE ET SEINE,2018,480314,-250,0,0,0,,,,,0,0,0,0,0,,,,,
792403438,T.J.S,2021,87980,7720,85880,14863,9423,8.8,16.9,10.7,70377,8967,13160,17002,,-7883,2,27.1,6.7,24.7,
792403438,T.J.S,2020,71319,6460,70298,11662,7792,9.1,16.4,10.9,55347,11618,10330,14339,,-10123,2.5,17.9,6.5,36.4,
792403438,T.J.S,2019,49897,8943,48590,11524,10654,17.9,23.1,21.4,520,8492,9813,12402,,-3674,-0.7,66.9,53.1,79.4,
792403438,T.J.S,2018,48634,3887,47294,5583,4573,8,11.5,9.4,6408,8548,4897,6370,,451,-0.3,50.2,26.7,53.1,
792403438,T.J.S,2017,53417,615,51256,1630,724,1.2,3.1,1.4,5416,3554,1521,2454,,-206,0.5,32.2,5.8,17.9,
792403438,T.J.S,2016,0,,,,,,,,,,,,,,,,,,
831080429,AU PETIT LAVOIR,2022,175099,-2682,175564,8044,-624,-1.5,4.6,-0.4,161447,9648,5985,108064,101461,905,6.4,10.5,-1.2,-11.3,
831080429,AU PETIT LAVOIR,2021,130157,-751,0,0,0,,,,0,0,0,0,0,0,,,,,
831080429,AU PETIT LAVOIR,2020,102545,-1706,0,0,0,,,,0,0,0,0,0,0,,,,,
831080429,AU PETIT LAVOIR,2019,167747,-9754,0,0,0,,,,0,0,0,0,0,0,,,,,
831080429,AU PETIT LAVOIR,2018,127304,23934,129045,29813,28713,18.8,23.4,22.6,,37577,25034,55431,25060,1017,-1,50.6,31.3,62,
831080429,AU PETIT LAVOIR,2017,29351,8174,0,0,0,,,,,0,0,0,0,0,,,,,
353735343,LAV'STORY,2018,208501,14283,203001,41331,19376,6.9,19.8,9.3,125717,66246,36238,57953,13757,-15797,0.3,55.1,4.4,8,1
353735343,LAV'STORY,2017,185815,6277,180497,31396,9633,3.4,16.9,5.2,150041,50864,28040,45373,10241,-12093,0.6,49.8,1.9,3.8,0
353735343,LAV'STORY,2016,142970,656,139762,14524,2056,0.5,10.2,1.4,174639,68822,14133,30286,9364,-7035,0.7,45.1,0.2,0.4,1
353735343,LAV'STORY,2015,114460,25832,111643,37124,26289,22.6,32.4,23,23702,80692,36667,48923,9956,-2257,-0.4,83,13.6,16.4,0
798191847,SM LAVAGE,2024,81238,-16894,81239,-16894,-16894,-20.8,-20.8,-20.8,,11549,-16894,1402,16841,-109221,0.2,-76.1,-27.2,35.8,
798191847,SM LAVAGE,2023,72192,-2319,72192,-1619,-2106,-3.2,-2.2,-2.9,,24094,-1832,5310,5334,-104870,0.8,-40.5,-3.1,7.7,
798191847,SM LAVAGE,2022,64904,4884,0,0,0,,,,,0,0,0,0,0,,,,,
798191847,SM LAVAGE,2021,62700,-566,62701,3749,-566,-0.9,6,-0.9,,20558,3749,4610,,-104962,0.6,-44.4,-0.8,1.7,
798191847,SM LAVAGE,2020,0,,,,,,,,,,,,,,,,,,
798191847,SM LAVAGE,2019,61626,-4665,,,,,,,,,,,,,,,,,
798191847,SM LAVAGE,2018,64284,-351,63699,9391,-325,-0.5,14.6,-0.5,0,13865,9365,11342,1003,-106657,0.8,-19.7,-0.4,2,
798191847,SM LAVAGE,2017,65885,-10179,65605,2593,-9934,-15.4,3.9,-15.1,2562,7631,2348,9444,6024,-107143,0.3,-18.3,-10.6,57.9,
798191847,SM LAVAGE,2016,58372,-6729,58372,2128,-6316,-11.5,3.6,-10.8,15324,10907,1715,5575,2946,-99958,-0.6,-6.6,-6,90.9,
419705900,B M SERVICES,2021,244577,3806,244471,20796,6845,1.6,8.5,2.8,73331,6221,17757,88281,68515,-31014,0.9,27,1.3,4.9,
419705900,B M SERVICES,2020,309881,12362,0,0,0,,,,0,0,0,0,0,-5,,,,,2
419705900,B M SERVICES,2019,330085,11166,325980,31445,19685,3.4,9.5,6,2489,12510,22926,111937,65068,-99888,-0.2,24.8,4.5,18.3,2
419705900,B M SERVICES,2018,303682,8161,0,0,0,,,,0,0,0,0,0,0,,,,,2
419705900,B M SERVICES,2017,266349,-20682,264753,-7089,-22940,-7.8,-2.7,-8.6,6605,731,-4831,50962,42822,-109322,0.1,20.4,-10.2,-49.8,2
419705900,B M SERVICES,2016,270087,-13896,261650,4447,-12534,-5.1,1.6,-4.6,4400,3746,3083,60676,48430,-109710,0,23.9,-5.3,-22.3,
419705900,B M SERVICES,2015,255254,2606,228620,29986,4227,1,11.7,1.7,273,3619,28365,86837,70488,-116187,0,32.3,1.1,3.4,
838759389,CSR,2024,46241,9417,46241,14515,10489,20.4,31.4,22.7,11768,4272,13443,15011,,-1449,0.3,65.8,23.2,35.2,
838759389,CSR,2021,30094,4805,30094,7721,5087,16,25.7,16.9,28959,6451,7439,8208,,2504,2.8,23.2,13.8,59.5,
838759389,CSR,2020,27609,3385,27609,5903,3385,12.3,21.4,12.3,28959,3861,5903,6733,,-1411,7.7,9.7,10.1,103.4,
838759389,CSR,2019,23434,-1663,23434,-1664,-1664,,,,,,-1664,,,,0,91.4,-4.7,-5.2,
838759389,CSR,2018,19386,1053,19386,2199,1054,5.4,11.3,5.4,26905,1796,2199,2234,,41826,16.2,5.2,3.5,67.9,
835263112,LAVERIE O'CLEAN,2022,16658,133,16499,1716,141,0.8,10.3,0.8,,6554,1708,2174,,-6825,-1.7,34.2,1.2,3.5,
835263112,LAVERIE O'CLEAN,2021,13042,343,0,0,0,,,,,0,0,0,,0,,,,,
835263112,LAVERIE O'CLEAN,2020,15042,640,0,0,0,,,,,0,0,0,,0,,,,,
835263112,LAVERIE O'CLEAN,2019,20517,1825,0,0,0,,,,0,0,0,0,,0,,,,,
835263112,LAVERIE O'CLEAN,2018,16625,-91,9587,965,515,-0.5,5.8,3.1,,1184,359,1367,,-2825,-1.3,21,-2.1,-10,
408418093,POINT LAVERIE SERVICE,2024,34017,-7907,34015,-7495,-7877,-23.2,-22,-23.2,2478,7982,-7525,1253,8000,-36785,-0.2,43.2,-10.6,-24.6,
408418093,POINT LAVERIE SERVICE,2023,36392,0,36392,-997,-1908,0,-2.7,-5.2,1206,7769,915,7774,8000,-30320,-0.2,53.1,0,0,
408418093,POINT LAVERIE SERVICE,2022,38240,544,38237,1802,557,1.4,4.7,1.5,1792,15729,1795,10711,8000,-38278,-0.3,46.6,0.6,1.4,
408418093,POINT LAVERIE SERVICE,2019,31567,-13484,31565,-12435,-13437,-42.7,-39.4,-42.6,4408,4016,-12482,-2055,9250,-22087,0,55.8,-16.7,-29.8,
408418093,POINT LAVERIE SERVICE,2018,37358,-8385,37162,-7906,-8386,-22.4,-21.2,-22.4,2047,4016,-7901,3469,10175,-7245,0,78.4,-11.2,-14.3,
383613072,A.L.P.A,2023,33002,-340,32536,1566,-252,-1,4.7,-0.8,5461,6607,1478,2587,,-1728,0,80.8,-0.9,-1.1,
383613072,A.L.P.A,2022,0,0,0,0,0,,,,0,0,0,0,,0,,,,,
383613072,A.L.P.A,2021,35608,1166,34648,2582,1244,3.3,7.3,3.5,9000,9012,2504,3567,,-337,0,77.4,2.8,3.6,
383613072,A.L.P.A,2020,30457,68,29818,886,68,0.2,2.9,0.2,9000,12494,886,1855,,-3374,-0.1,70.7,0.2,0.2,
383613072,A.L.P.A,2019,37360,4881,36277,6167,4881,13.1,16.5,13.1,160,3099,6167,6999,,-1849,-0.1,91.8,14.6,15.9,
839264587,G.F.J. CLEAN,2020,67254,26326,66682,16775,16353,39.1,24.9,24.3,,34596,26748,26622,9048,-25702,-0.7,65.8,34.3,52.1,1
839264587,G.F.J. CLEAN,2019,72171,19784,0,0,0,,,,,0,0,0,0,0,,,,,0
509859914,SARL BLS,2021,467637,18445,159122,23817,21798,3.9,5.1,4.7,,28497,20464,27473,0,-8712,-0.1,95,5.9,6.2,
509859914,SARL BLS,2020,184771,22569,160766,28638,26650,12.2,15.5,14.4,,74495,24557,44790,16472,-16373,-0.3,93.6,7.6,8.1,1
509859914,SARL BLS,2019,363518,4552,190733,7193,5380,1.3,2,1.5,,50666,6365,67296,53443,-16742,-0.2,92.3,1.6,1.8,0
509859914,SARL BLS,2018,176250,17063,163143,21190,19799,9.7,12,11.2,10082,21458,18454,47617,22573,11750,0,88.8,5.7,6.4,
509859914,SARL BLS,2017,165054,6029,157979,13872,7031,3.7,8.4,4.3,25792,90332,12870,37230,19505,3293,-0.3,85,2,2.4,
509859914,SARL BLS,2016,0,,,,,,,,,,,,,,,,,,
834318628,LAVERIE DU POTEAU,2018,23755,4321,23756,6084,5084,18.2,25.6,21.4,,4973,5321,6290,,-44153,-1,9.6,8.6,89.6,
519414205,MULTI-SERVICE-LAVERIE,2015,110277,14570,103234,27012,17372,13.2,24.5,15.8,5043,51196,24211,28508,,-86598,-4.8,8.3,12.6,152.6,
519414205,MULTI-SERVICE-LAVERIE,2014,97571,4605,95102,19422,5458,4.7,19.9,5.6,12488,33844,18569,20336,,-85966,4.2,-4.8,4.4,-91.6,
521841130,LAVE-NET,2024,96360,4668,93787,25450,7522,4.8,26.4,7.8,124451,13952,22596,27682,,-29322,7.2,9.1,2.7,30.2,
521841130,LAVE-NET,2023,58953,5467,56911,18578,6031,9.3,31.5,10.2,60308,15176,18014,19640,,3585,4.2,12.9,6.6,50.8,
521841130,LAVE-NET,2022,55577,5502,0,0,0,,,,0,0,0,0,,0,,,,,
521841130,LAVE-NET,2021,51437,-18413,0,0,0,,,,0,0,0,0,,0,,,,,
521841130,LAVE-NET,2020,54372,1818,0,0,0,,,,0,0,0,0,,0,,,,,
521841130,LAVE-NET,2019,62082,10907,0,0,0,,,,0,0,0,0,,0,,,,,
521841130,LAVE-NET,2018,0,0,0,0,0,,,,0,0,0,0,,0,,,,,
521841130,LAVE-NET,2016,27941,-7275,31719,2776,245,-26,9.9,0.9,,29625,-4744,4193,5389,-33615,7.4,-12.4,-22.6,182.3,
521841130,LAVE-NET,2015,0,0,0,0,0,,,,,0,0,0,0,0,,,,,
521841130,LAVE-NET,2014,0,0,0,0,0,,,,0,0,0,0,0,0,,,,,
537811499,AJS CONCEPT,2021,248226,4033,243402,9076,4891,1.6,3.7,2,21721,6031,8218,61718,45636,-3007,0.1,85.5,1.5,1.8,
537811499,AJS CONCEPT,2020,200037,8249,195355,14398,9238,4.1,7.2,4.6,2753,8828,13409,30187,11208,-3679,0,92.9,3.4,3.7,1
537811499,AJS CONCEPT,2019,222910,24953,214688,35970,29401,11.2,16.1,13.2,133,10852,31522,46566,0,-20408,0,89.2,10.3,11.6,0
537811499,AJS CONCEPT,2018,215053,28748,211596,36443,32680,13.4,16.9,15.2,29825,12204,35172,42052,,-21929,0.1,77.6,11.7,15.1,
537811499,AJS CONCEPT,2017,219637,18975,217305,31917,23131,8.6,14.5,10.5,53331,6133,28193,38651,,-19727,0.3,66.8,7.8,11.8,
800088544,LAVERIE CLAVIJO LIBRE SERVICE,2024,54125,2548,54068,4775,3528,4.7,8.8,6.5,24845,4059,4777,15761,9877,-1498,0.8,50.4,4.8,9.5,
800088544,LAVERIE CLAVIJO LIBRE SERVICE,2023,51097,4649,50828,6934,5913,9.1,13.6,11.6,28982,3032,5670,17700,9668,-1111,1.1,44.6,8.6,19.2,
800088544,LAVERIE CLAVIJO LIBRE SERVICE,2021,40417,4323,39932,4964,4883,10.7,12.3,12.1,34087,3385,5119,3936,,-1416,2.1,28.9,8.7,29.9,
800088544,LAVERIE CLAVIJO LIBRE SERVICE,2020,31767,-2138,30897,-665,-1775,-6.7,-2.1,-5.6,36549,3871,-1028,253,,-4560,3.2,19.8,-4.2,-21.1,
800088544,LAVERIE CLAVIJO LIBRE SERVICE,2019,33325,-528,32961,1086,-163,-1.6,3.3,-0.5,41226,3526,721,2232,,-2401,3.1,21.9,-0.9,-4.3,
800088544,LAVERIE CLAVIJO LIBRE SERVICE,2018,45292,4041,44991,7340,5230,8.9,16.2,11.5,35562,964,6151,8290,,-6224,2.7,23.4,7.4,31.6,0
800088544,LAVERIE CLAVIJO LIBRE SERVICE,2017,40458,4058,39618,7619,5509,10,18.8,13.6,44653,45,6168,9519,,-2307,5.1,15.6,7.2,46.4,
800088544,LAVERIE CLAVIJO LIBRE SERVICE,2016,42493,6703,42308,10310,8246,15.8,24.3,19.4,52211,1351,8767,12468,,-2223,10.9,7.9,11.3,143,
819827049,XU,2024,76505,-4623,76505,-4973,-4973,-6,-6.5,-6.5,,8530,-4623,41632,45649,-68797,0.2,-115.1,-14.5,12.6,
819827049,XU,2023,75881,-3086,0,0,0,,,,,0,0,0,0,0,,,,,
819827049,XU,2022,61332,-7494,63183,-7397,-7398,-12.2,-12.1,-12.1,,7870,-7494,29725,39376,-60429,0.3,-92.9,-23.9,25.8,2
819827049,XU,2021,39777,-6633,0,0,0,,,,,0,0,0,0,0,,,,,
819827049,XU,2020,46661,-14666,49661,-14340,-14341,-31.4,-30.7,-30.7,,1981,-14666,19421,34713,-40414,0.1,-56.5,-55.3,98,
819827049,XU,2019,73567,3383,0,0,0,,,,,0,0,0,0,0,,,,,
819827049,XU,2018,70135,-1677,0,0,0,,,,,0,0,0,0,0,,,,,
819827049,XU,2017,61166,-6808,0,0,0,,,,,0,0,0,0,0,,,,,
434468492,EUROSOFT,2021,405085,43906,361694,25094,3726,10.8,6.2,0.9,151479,53625,65274,87833,55589,-43925,0.2,71,6,8.4,
434468492,EUROSOFT,2020,402869,36183,346129,47875,27916,9,11.9,6.9,163760,97192,56142,101383,48347,-113339,0.1,62.1,4.7,7.6,2
434468492,EUROSOFT,2019,417497,23049,400236,57979,31174,5.5,13.9,7.5,184417,26364,49854,123740,58512,-54367,0.4,64.3,3.3,5.2,0
434468492,EUROSOFT,2018,496799,35642,410393,56408,47231,7.2,11.4,9.5,216247,34627,61022,118517,54463,-53378,0.4,60.9,4.9,8.1,
434468492,EUROSOFT,2017,462332,39906,382958,500491,63335,8.6,108.3,13.7,238629,150827,477999,143550,56804,-50124,0.2,52.9,4.7,9,
434468492,EUROSOFT,2016,0,,,,,,,,,,,,,,,,,,
542017843,LAVERIE AUTOMATIQUE DE SAINT-OUEN,2022,259986,22414,262553,25824,14956,8.6,9.9,5.8,47225,115706,33282,118778,92276,-31060,-0.6,49.7,10.1,20.3,
542017843,LAVERIE AUTOMATIQUE DE SAINT-OUEN,2021,196636,28685,0,0,0,,,,0,0,0,0,0,0,,,,,
542017843,LAVERIE AUTOMATIQUE DE SAINT-OUEN,2020,168425,-54873,0,0,0,,,,0,0,0,0,0,0,,,,,
542017843,LAVERIE AUTOMATIQUE DE SAINT-OUEN,2019,0,-5696,0,0,0,,,,0,0,0,0,0,0,,,,,
440930345,LAVERIE LAUMIERE,2024,22519,3340,17565,4392,3392,14.8,19.5,15.1,,6300,4340,3915,,-4087,-0.4,81.4,15.2,18.7,
440930345,LAVERIE LAUMIERE,2023,20541,2872,3810,3785,2935,14,18.4,14.3,,10288,3722,3810,,-12242,-0.7,54.3,10.7,19.7,
440930345,LAVERIE LAUMIERE,2022,32320,18005,19356,18036,18036,55.7,55.8,55.8,,20646,18005,15194,,-19175,-1.8,37.8,58.2,154,
440930345,LAVERIE LAUMIERE,2020,11948,-11347,11352,-11347,-11347,-95,-95,-95,,6029,-11347,-5377,9783,-12389,-1.6,21.4,-63,-294.2,
440930345,LAVERIE LAUMIERE,2019,26031,-3225,25313,-3225,-3225,-12.4,-12.4,-12.4,,11901,-3225,6671,9588,-6913,-0.8,63.2,-13.4,-21.2,
440930345,LAVERIE LAUMIERE,2018,0,,,,,,,,,,,,,,,,,,
440930345,LAVERIE LAUMIERE,2017,0,,,,,,,,,,,,,,,,,,
882417769,ENEO LAVERIE,2024,127339,31658,125804,37924,37924,24.9,29.8,29.8,21259,12653,31658,39215,,41389,0.3,52.4,50.6,96.5,
882417769,ENEO LAVERIE,2023,91551,2698,90377,38557,34282,2.9,42.1,37.4,32193,7663,37219,35786,,43406,1.3,26.7,3.8,14.3,
882417769,ENEO LAVERIE,2022,66936,22541,65108,29952,25677,33.7,44.7,38.4,38023,11540,26816,30642,,8140,1.6,21.5,29.9,139.2,
882417769,ENEO LAVERIE,2021,42355,1209,44541,2060,1209,2.9,4.9,2.9,54946,13393,5163,2407,,-3608,-6.5,-7.2,1.4,-19,
977849231,LSLA,2024,28057,-8387,28064,-5264,-6467,-29.9,-18.8,-23,61210,750,-7184,-5207,,624,-8.2,-9.3,-10.6,113.5,
539015735,SDJ,2021,138226,21788,106029,33952,25633,15.8,24.6,18.5,16986,108230,30107,33255,,-4452,-0.4,89.9,8.7,9.7,
752827618,TIDOU,2016,410232,26588,404321,102083,28327,6.5,24.9,6.9,447489,11028,100344,174260,63967,-123532,8.3,8.1,4.1,50.7,
752827618,TIDOU,2015,322933,16450,318592,77591,20941,5.1,24,6.5,379434,30960,73100,124915,43419,-213342,13.5,4.1,2.6,63.5,
749905097,LAV'NADHIF,2018,18694,14251,17993,-1249,-2780,76.2,-6.7,-14.9,0,98,15782,617,1423,10973,0,59.7,76.8,128.7,
749905097,LAV'NADHIF,2017,34516,619,33937,4935,1194,1.8,14.3,3.5,14068,620,4360,7732,2523,-43056,-4.2,-5.8,1.1,-19.5,1
749905097,LAV'NADHIF,2015,34304,734,32975,5651,1873,2.1,16.5,5.5,22957,2183,4512,7773,1861,-41028,-13.3,-2.4,1.1,-47.1,
749905097,LAV'NADHIF,2014,29255,-4908,28068,-77,-2241,-16.8,-0.3,-7.7,28165,2226,-2744,2795,2385,-40507,-10.7,-3.5,-7,202.3,
381308055,VARME,2022,76276,-315,76276,3105,-1895,-0.4,4.1,-2.5,25506,1410,4685,5876,,-19060,1.2,25.4,-0.4,-1.6,
381308055,VARME,2021,69273,3130,66695,5772,772,4.5,8.3,1.1,27344,724,8130,6866,,-15661,1.3,30.9,4.7,15.4,
381308055,VARME,2020,56805,6657,56423,2482,-2574,11.7,4.4,-4.5,32276,3201,11713,4083,,-16004,1.7,25.4,9.8,38.6,
381308055,VARME,2019,65132,-3275,64682,-3155,-3155,-5,-4.8,-4.8,37392,700,-3275,9197,9054,-20101,3.5,15.4,-4.8,-30.9,
381308055,VARME,2018,63785,463,63785,-3312,-3312,0.7,-5.2,-5.2,37392,12115,463,-726,2586,-28240,1.8,16.8,0.6,3.3,
381308055,VARME,2017,0,,,,,,,,,,,,,,,,,,
381308055,VARME,2016,0,,,,,,,,,,,,,,,,,,
381308055,VARME,2015,0,,,,,,,,,,,,,,,,,,
381308055,VARME,2014,0,,,,,,,,,,,,,,,,,,
381308055,VARME,2013,0,,,,,,,,,,,,,,,,,,
381308055,VARME,2012,0,,,,,,,,,,,,,,,,,,
381308055,VARME,2011,0,,,,,,,,,,,,,,,,,,
481141711,LAMARI LAUNDROMAT,2021,23993,130,23993,350,130,0.5,1.5,0.5,14260,,350,3903,4240,-794,-1,-214.7,2,-0.9,
481141711,LAMARI LAUNDROMAT,2020,18630,-4487,18633,-3988,-4487,-24.1,-21.4,-24.1,13643,,-3988,-1729,4277,-1763,-1,-589.1,-185.5,31.5,
481141711,LAMARI LAUNDROMAT,2019,25256,-1817,25251,-172,-1817,-7.2,-0.7,-7.2,0,613,-172,6440,5650,-12031,0.1,-288,-53.6,18.6,
481141711,LAMARI LAUNDROMAT,2018,22324,-5893,24049,-3397,-5890,-26.4,-15.2,-26.4,612,0,-3400,1671,5804,-10634,-0.1,-108.9,-80.8,74.2,
481141711,LAMARI LAUNDROMAT,2017,22051,-3205,6772,-378,-3205,-14.5,-1.7,-14.5,0,206,-378,6772,6175,-7195,0.1,-24.7,-38.6,156.1,
481141711,LAMARI LAUNDROMAT,2016,21596,-6819,22261,-3671,-6819,-31.6,-17,-31.6,5283,0,-3102,5881,8616,-1326,4.6,12.4,-73.3,-591.9,
481141711,LAMARI LAUNDROMAT,2015,20273,-2430,19429,1547,-2430,-12,7.6,-12,411,,1546,8184,5659,-3095,0.1,66.2,-20.2,-30.5,
483512414,LAV'TOUT BLANC,2024,78651,3667,77391,14866,3326,4.7,18.9,4.2,65885,3890,15207,30479,14451,-14971,2.2,24.4,3.1,12.8,1
483512414,LAV'TOUT BLANC,2023,75823,678,0,0,0,,,,0,0,0,0,0,0,,,,,1
483512414,LAV'TOUT BLANC,2022,57474,321,0,0,0,,,,0,0,0,0,0,0,,,,,1
483512414,LAV'TOUT BLANC,2021,53496,8379,0,0,0,,,,0,0,0,0,0,0,,,,,1
483512414,LAV'TOUT BLANC,2020,53587,8775,0,0,0,,,,0,0,0,0,0,0,,,,,1
483512414,LAV'TOUT BLANC,2019,61099,5498,0,0,0,,,,0,0,0,0,0,0,,,,,1
483512414,LAV'TOUT BLANC,2018,57771,3566,56786,9570,4370,6.2,16.6,7.6,62549,194,8766,28191,17709,-15565,46.4,1.6,4.2,265.3,1
483512414,LAV'TOUT BLANC,2017,54324,4711,53017,6219,3553,8.7,11.4,6.5,62172,453,7377,23673,15763,-16031,-27.8,-2.6,5.6,-212,1
483512414,LAV'TOUT BLANC,2016,57793,15766,0,0,0,,,,0,0,0,0,0,0,,,,,1
483512414,LAV'TOUT BLANC,2015,0,0,0,0,0,,,,0,0,0,0,0,0,,,,,0
911470193,2A3M LAVERIE,2024,45750,170,45750,1200,200,0.4,2.6,0.4,,9260,1170,1927,,-44077,-2.1,9.3,0.3,3.8,
911470193,2A3M LAVERIE,2023,43016,2595,0,0,0,,,,,0,0,0,,0,,,,,
419088521,JULICE LAVERIE,2018,203368,30555,199608,46820,36496,15,23,17.9,9871,45382,40879,52764,4697,-16767,-0.1,88.9,10.3,11.6,
419088521,JULICE LAVERIE,2017,190013,51495,186550,66907,58045,27.1,35.2,30.5,0,46998,60357,72654,3677,-16507,-0.2,90.5,16.5,18.2,
419088521,JULICE LAVERIE,2016,195772,89971,192177,111156,111156,43.9,56.8,56.8,9063,82808,85958,60983,-40223,-34157,-0.3,85.1,25,29.4,
419088521,JULICE LAVERIE,2015,197187,9264,193068,10218,8969,4.7,5.2,4.5,4,18354,10513,55325,37610,-64382,-0.1,75,3.4,4.5,
821614450,LAVERIE SAINT PETERSBOURG,2021,27012,-3388,26677,-2603,-3388,-12.5,-9.6,-12.5,7946,90,-2603,-742,,-10952,3.2,11.5,-15.7,-137,
821614450,LAVERIE SAINT PETERSBOURG,2020,31053,-2818,29412,-694,-2818,-9.1,-2.2,-9.1,8237,90,-694,-3664,,-8057,1.4,26.3,-12.6,-48.1,
821614450,LAVERIE SAINT PETERSBOURG,2019,34468,3178,33460,4428,2304,9.2,12.8,6.7,12722,1467,5302,5274,,-4260,1.3,31,11.3,36.6,
821614450,LAVERIE SAINT PETERSBOURG,2018,26258,-4711,25198,-3627,-5749,-17.9,-13.8,-21.9,,880,-2587,-764,1963,-21333,-0.2,19.4,-16.6,-85.6,
821614450,LAVERIE SAINT PETERSBOURG,2017,33505,6344,32623,9506,7464,18.9,28.4,22.3,22656,9448,8386,10138,,-4657,1.3,26.4,16.4,62.1,
821614450,LAVERIE SAINT PETERSBOURG,2016,19322,1870,19322,3539,2200,9.7,18.3,11.4,29649,8034,3209,3656,,-4015,5.6,10.1,4.9,48.3,
448762740,STAR NET,2022,91302,1044,90566,7288,4005,1.1,8,4.4,5752,2240,4327,8014,,-38992,0.1,42,0.8,1.9,
448762740,STAR NET,2021,101011,1546,98091,7544,4261,1.5,7.5,4.2,9057,2658,4829,8300,,-40431,0.1,45.8,1.3,2.8,
448762740,STAR NET,2020,104022,21109,0,0,0,,,,0,0,0,0,,0,,,,,
448762740,STAR NET,2019,133752,29556,133752,34775,33045,22.1,26,24.7,280,5263,31285,36691,,-73180,-0.2,26.5,24.1,91,
448762740,STAR NET,2018,138362,7755,140802,16140,15237,5.6,11.7,11,4796,381,8652,29765,15454,-95089,1.5,2.6,6.9,264.1,1
448762740,STAR NET,2017,123759,-20524,123759,-13894,-15778,-16.6,-11.2,-12.7,9500,,-18647,11124,23152,-89984,-2,-4.7,-20.1,426.1,2
448762740,STAR NET,2016,142192,-16753,152844,-13952,-15821,-11.8,-9.8,-11.1,,1868,-14884,53642,77194,-111328,-0.1,11.4,-12.2,-106.7,
448762740,STAR NET,2015,121602,2229,142552,4904,3268,1.8,4,2.7,2634,201,3865,27899,42734,-91640,0.1,24.8,1.7,6.9,
491988358,LAVERIE ARDJOUNE,2018,204399,3191,195239,26419,3275,1.6,12.9,1.6,75151,17254,26335,72763,44979,-164787,0.5,27.9,0.8,2.9,
491988358,LAVERIE ARDJOUNE,2017,171748,8733,173354,32215,9651,5.1,18.8,5.6,19521,22531,31297,55820,21199,-141849,0,35.2,2.9,8.1,
491988358,LAVERIE ARDJOUNE,2016,146415,7982,0,0,0,,,,0,0,0,0,0,0,,,,,
752062711,LAVOIR MODERNE PARIS,2020,459532,-1735875,437530,-1556588,-1567712,-377.7,-338.7,-341.2,3311322,1118,-1726206,-637844,891667,-2001227,-0.6,-653.4,-220.3,33.7,41
752062711,LAVOIR MODERNE PARIS,2019,675188,-1568971,679198,-1502494,-1525600,-232.4,-222.5,-226,2301837,501,-1537202,-363878,1103737,-1281724,-0.7,-482.8,-221.9,46,41
752062711,LAVOIR MODERNE PARIS,2018,521394,-511387,758856,-461806,-493614,-98.1,-88.6,-94.7,1793468,549,-479579,-67974,643362,-223360,-1,-399.4,-110.7,27.7,0
331928713,SSM SOC SERVICES DU MONT,2022,32478,2342,29643,2343,2337,7.2,7.2,7.2,45371,11719,2348,2453,,2554,-2.5,-42.2,7.3,-17.4,
331928713,SSM SOC SERVICES DU MONT,2021,30723,913,29498,3143,3143,3,10.2,10.2,49371,13376,913,3259,,2560,-2.3,-47.1,2.7,-5.8,
331928713,SSM SOC SERVICES DU MONT,2020,22834,-2687,21580,-2689,-2689,-11.8,-11.8,-11.8,45371,9586,-2687,-2535,,2554,-2.1,-58.4,-9.4,16.1,
331928713,SSM SOC SERVICES DU MONT,2019,35587,7593,33541,7600,7592,21.3,21.4,21.3,45371,12273,7601,7671,,2554,-2.4,-44.8,24.2,-54.1,
331928713,SSM SOC SERVICES DU MONT,2018,31814,912,29927,1313,1313,2.9,4.1,4.1,50371,9680,912,1523,,2560,-1.9,-75.3,3.2,-4.2,
331928713,SSM SOC SERVICES DU MONT,2017,30822,4783,28736,5125,5119,15.5,16.6,16.6,50371,8867,4789,5233,,2560,-1.8,-81,17.2,-21.2,
523987410,CITE LAVERIE,2024,108900,17474,105423,21781,17697,16,20,16.3,,35154,21559,30947,5399,-100649,-1.6,17.6,13.7,77.8,
523987410,CITE LAVERIE,2023,95017,15821,0,0,0,,,,,0,0,0,0,0,,,,,
523987410,CITE LAVERIE,2022,0,0,0,0,0,,,,,0,0,0,0,0,,,,,
523987410,CITE LAVERIE,2021,76033,18387,70329,12754,9798,24.2,16.8,12.9,,25539,21344,23389,7142,-88322,-1.1,20.7,16.3,78.6,
523987410,CITE LAVERIE,2020,70918,6992,0,0,0,,,,,0,0,0,0,0,,,,,
523987410,CITE LAVERIE,2019,76577,16081,0,0,0,,,,,0,0,0,0,0,,,,,
523987410,CITE LAVERIE,2018,76539,9379,0,0,0,,,,,0,0,0,0,0,,,,,
523987410,CITE LAVERIE,2017,72935,3198,0,0,0,,,,,0,0,0,0,0,,,,,
523987410,CITE LAVERIE,2016,71216,4679,0,0,0,,,,,0,0,0,0,0,,,,,
523987410,CITE LAVERIE,2015,0,0,0,0,0,,,,,0,0,0,0,0,,,,,
441498581,J & H SERVICES,2023,72003,25546,72013,31133,30463,35.5,43.2,42.3,,33449,26216,31551,,-19103,-0.5,78.2,28.6,36.6,
441498581,J & H SERVICES,2022,0,0,0,0,0,,,,,0,0,0,,0,,,,,
849641691,A LAVE VERSAILLAISE,2024,115697,17844,112407,34767,24737,15.4,30.1,21.4,273222,11547,28898,37713,1440,718,4.5,17.1,5.2,30.7,
849641691,A LAVE VERSAILLAISE,2023,106648,18273,102588,39398,26048,17.1,36.9,24.4,302244,19713,31623,42695,1768,-16227,7,11.2,5.1,45.3,
849641691,A LAVE VERSAILLAISE,2022,111905,15773,110008,28300,17698,14.1,25.3,15.8,207223,5501,26374,35202,3848,-50534,9.1,7.9,5.6,71.4,
849641691,A LAVE VERSAILLAISE,2021,88474,2231,84399,13895,5032,2.5,15.7,5.7,231428,9,12479,17199,2132,-328,36.6,2.6,0.9,35.3,
849641691,A LAVE VERSAILLAISE,2020,60188,1065,58415,10823,2448,1.8,18,4.1,158923,0,9440,12903,1508,556,38.8,2.5,0.7,26,
790924336,LOVE WASH,2017,22535,-1944,22150,254,-1933,-8.6,1.1,-8.6,926,,244,1092,,-38816,-0.1,-37.3,-5.9,15.9,
790924336,LOVE WASH,2016,25135,4330,25644,7710,4881,17.2,30.7,19.4,47,14,7158,7851,,-35710,0,-33,13.9,-42.1,
790924336,LOVE WASH,2015,26809,3805,26218,10924,7922,14.2,40.7,29.5,42,122,6807,12057,,-39522,0,-41.6,10.8,-26,
790924336,LOVE WASH,2014,0,0,0,0,0,,,,0,0,0,0,,0,,,,,
732067897,NORD DE PARIS SERVICES,2024,186680,16315,184490,20960,19194,8.7,11.2,10.3,23837,87631,18081,39577,16460,-21441,-0.7,62.3,11.9,19.1,
732067897,NORD DE PARIS SERVICES,2023,168802,16315,167802,29632,29667,14.9,17.6,17.6,19545,66707,26845,50319,17817,-19610,-0.7,63,22.9,36.4,
732067897,NORD DE PARIS SERVICES,2022,133622,3613,167802,29632,29667,14.9,17.6,17.6,19545,66707,26845,50319,17817,-19610,-0.7,63,22.9,36.4,
732067897,NORD DE PARIS SERVICES,2021,118776,26638,0,0,0,,,,,0,0,0,0,0,,,,,0
732067897,NORD DE PARIS SERVICES,2020,121328,-18015,123904,-17165,-18015,-14.8,-14.1,-14.8,2631,14480,-17165,21945,36774,-37332,-0.9,23.7,-30.8,-130,
732067897,NORD DE PARIS SERVICES,2019,153095,17838,153552,18677,17843,11.7,12.2,11.7,2631,26157,18672,63703,41859,-31142,-0.7,45.3,25.3,56,
732067897,NORD DE PARIS SERVICES,2018,135449,-9645,137514,-8813,-9360,-7.1,-6.5,-6.9,2631,7633,-9098,53877,60316,-31292,-0.4,25.8,-17.8,-68.7,
732067897,NORD DE PARIS SERVICES,2017,138503,-13864,137828,-13864,-13864,-10,-10,-10,2631,18725,-13864,56252,66898,-29624,-0.7,39,-22.9,-58.6,3
732067897,NORD DE PARIS SERVICES,2016,0,0,0,0,0,,,,,0,0,0,0,0,,,,,0
801869488,DAMARO SELF SERVICES,2024,30910,-16029,30942,-6032,-14308,-51.9,-19.5,-46.3,0,390,-7754,-4644,,-41385,0,46.3,-17.3,-37.4,
801869488,DAMARO SELF SERVICES,2023,39402,91232,39403,4772,-2538,231.5,12.1,-6.4,31,6747,98541,6260,,-39787,-0.1,56.6,87.6,154.9,
801869488,DAMARO SELF SERVICES,2022,17164,-9532,17219,-3426,-9539,-55.5,-20,-55.6,0,10506,-3419,-2148,,-112226,0.3,-39.7,-11.7,29.5,
801869488,DAMARO SELF SERVICES,2021,16239,-2844,16239,2001,-4113,-17.5,12.3,-25.3,,13330,3269,2523,,-108878,0.6,-26,-3.3,12.5,
801869488,DAMARO SELF SERVICES,2020,6357,-18994,10839,-4520,-10618,-298.8,-71.1,-167,,11451,-12896,-8310,,-110268,0.6,-21.6,-20.6,95.3,
801869488,DAMARO SELF SERVICES,2018,10692,-5025,10693,-3604,-7337,-47,-33.7,-68.6,44404,3287,-1292,-2861,,-2336,-9.3,-9.8,-11.2,113.9,
801869488,DAMARO SELF SERVICES,2017,19085,-9655,19086,-3091,-6291,-50.6,-16.2,-33,41425,1911,-6455,-2536,,-2648,64.6,1.3,-20.3,-1577.6,
801869488,DAMARO SELF SERVICES,2016,16521,60,16522,2383,823,0.4,14.4,5,10255,1034,1620,2592,,-11199,0.9,31.6,0.2,0.6,
801869488,DAMARO SELF SERVICES,2015,24442,3289,24442,5612,3850,13.5,23,15.8,,1036,5052,6073,,-23076,-0.1,29.3,9.4,32.2,
801869488,DAMARO SELF SERVICES,2014,16592,1918,16592,3577,2256,11.6,21.6,13.6,,666,3239,4109,,-27759,-0.1,19.7,5.5,27.7,
444147953,SELAC,2020,392794,23949,385795,47203,28408,6.1,12,7.2,15260,33771,42744,75280,12145,-20362,-0.1,85.7,6,7,
444147953,SELAC,2019,468429,49336,461962,89501,63389,10.5,19.1,13.5,16878,44827,75448,118053,12214,-36993,-0.1,79,11,14,
444147953,SELAC,2018,472911,61314,475919,95425,75504,13,20.2,16,39218,57872,88256,124272,12043,-43241,-0.1,75.3,13,17.3,
444147953,SELAC,2017,473143,65318,,,,,,,61133,53821,,,,-43494,0,72.8,,,
444147953,SELAC,2016,497592,76651,501434,125455,105359,15.4,25.2,21.2,109752,54084,106888,152573,10420,-54145,0.2,61.7,15.1,24.5,
444147953,SELAC,2015,504584,80659,499957,144938,112897,16,28.7,22.4,172980,44678,114737,171607,9158,-35999,0.5,53.2,15.8,29.8,
827514993,PARIS LAVAGE ENTREPRISE,2021,41270,20706,54062,21386,20706,50.2,51.8,50.2,,2986,21386,8161,,-22544,-0.1,54.3,41,75.6,
827514993,PARIS LAVAGE ENTREPRISE,2020,30180,809,30180,5515,963,2.7,18.3,3.2,,2668,5361,-383,,-33216,-0.4,16.3,2,12.1,
827514993,PARIS LAVAGE ENTREPRISE,2019,41302,-2455,41302,9746,-2221,-5.9,23.6,-5.4,14743,6974,9512,9822,,-28140,1.3,11.4,-4.8,-41.9,
532562717,FAST-LAV,2023,124185,6365,123464,8205,6864,5.1,6.6,5.5,,29292,7705,29397,17959,-68786,-1.5,22.4,7.1,31.7,
532562717,FAST-LAV,2022,99631,812,0,0,0,,,,,0,0,0,0,0,,,,,
532562717,FAST-LAV,2021,58885,1512,0,0,0,,,,,0,0,0,0,0,,,,,
532562717,FAST-LAV,2020,50346,-4391,0,0,0,,,,,0,0,0,0,0,,,,,
532562717,FAST-LAV,2019,66530,1659,0,0,0,,,,,0,0,0,0,0,,,,,
532562717,FAST-LAV,2018,59570,475,0,0,0,,,,,0,0,0,0,0,,,,,
532562717,FAST-LAV,2017,55599,4601,0,0,0,,,,,0,0,0,0,0,,,,,
532562717,FAST-LAV,2016,50136,3971,0,0,0,,,,,0,0,0,0,0,,,,,
532562717,FAST-LAV,2015,0,0,0,0,0,,,,0,0,0,0,0,0,,,,,
532562717,FAST-LAV,2014,0,0,0,0,0,,,,,0,0,0,0,0,,,,,
833739006,LAVERIE ALLES,2018,20638,4900,20638,6681,5765,23.7,32.4,27.9,,5048,5817,6987,,-28732,-0.9,14.8,13.4,90.7,
415190214,SOKLEEN,2021,58374,-1587,56122,8636,-1465,-2.7,14.8,-2.5,,11052,8515,20884,9933,-6674,-0.5,67.3,-5,-7.4,
415190214,SOKLEEN,2020,52769,-14261,0,0,0,,,,,0,0,0,0,0,,,,,
415190214,SOKLEEN,2019,60498,1443,58198,12798,2185,2.4,21.2,3.6,,5516,12057,19126,4295,-5493,-0.1,77.7,3,3.9,
415190214,SOKLEEN,2018,59817,6282,58366,15310,7269,10.5,25.6,12.2,4227,13021,14324,19059,1710,-20828,-0.2,51.5,9,17.5,
415190214,SOKLEEN,2017,57925,11182,57006,18070,13175,19.3,31.2,22.7,,16110,16077,21435,1446,-19381,-0.5,55.6,21,37.7,
415190214,SOKLEEN,2016,56005,4356,0,0,0,,,,,0,0,0,0,0,,,,,
415190214,SOKLEEN,2015,0,0,0,0,0,,,,,0,0,0,0,0,,,,,
845236868,LAVERIES SPEED WASH,2020,18160,839,18160,10959,1369,4.6,60.3,7.5,49330,13163,10429,11274,315,1622,-58.7,-1.1,1.4,-136.2,
845236868,LAVERIES SPEED WASH,2019,13138,-2455,0,0,0,,,,0,0,0,0,0,0,,,,,
851029066,CHELLES LAVERIE,2023,47298,-16453,,,,,,,,,,,,,,,,,
851029066,CHELLES LAVERIE,2022,45934,-4463,48182,-3605,-4463,-9.7,-7.8,-9.7,7016,825,-3605,14326,20178,14180,0.4,57.2,-15.1,-26.3,
851029066,CHELLES LAVERIE,2021,26542,63585,41904,-15931,-16731,239.6,-60,-63,5016,473,64385,-14434,16839,16137,0.2,56.1,166.3,296.7,
851029066,CHELLES LAVERIE,2020,4212,-34047,4211,-34047,-34047,-808.3,-808.3,-808.3,75586,2006,-34047,-18536,15305,29376,-1.7,-107.7,-87,80.8,
851029066,CHELLES LAVERIE,2019,0,-14102,0,-14086,-14086,,,,15016,7543,-14102,-14086,0,-2683,-0.9,-46.8,-81.4,174.1,
538762246,AHAVA ELLA,2024,63598,-1085,63117,13455,11680,-1.7,21.2,18.4,,6308,690,15079,,-81907,0.1,-158.4,-3.1,2,
538762246,AHAVA ELLA,2023,0,0,0,0,0,,,,,0,0,0,,0,,,,,
538762246,AHAVA ELLA,2022,37025,1732,36765,1880,1880,4.7,5.1,5.1,,4885,1732,3390,,-85682,0.1,-174.7,4.7,-2.7,
538762246,AHAVA ELLA,2021,30342,1837,30342,5574,2122,6.1,18.4,7,,1066,5289,7152,,-76446,0,-278.5,7.8,-2.8,
538762246,AHAVA ELLA,2020,33682,11433,0,0,0,,,,,0,0,0,,0,,,,,
538762246,AHAVA ELLA,2019,32456,3058,32456,7846,3336,9.4,24.2,10.3,,1545,7567,8674,,-93953,0,-303,11.7,-3.9,
538762246,AHAVA ELLA,2018,34449,909,34449,5219,1347,2.6,15.1,3.9,,760,4781,6021,,-96485,0,-332.1,3.7,-1.1,1
538762246,AHAVA ELLA,2017,32799,524,32799,5067,1166,1.6,15.4,3.6,,255,4425,6836,,2081,0,-419.2,2.6,-0.6,1
538762246,AHAVA ELLA,2016,36429,-688,,,,,,,,,,,,,,,,,
538762246,AHAVA ELLA,2015,27976,-14349,28394,-9657,-13516,-51.3,-34.5,-48.3,3386,34,-10490,-7454,,-104053,0,-280.8,-48.6,17.3,
513488700,LAVERIE DU CENTRE,2021,32260,1003,31524,1004,1003,3.1,3.1,3.1,,11801,1003,5603,3880,-2296,-1.2,71.7,7.6,10.6,1
513488700,LAVERIE DU CENTRE,2020,29223,-2215,0,0,0,,,,,0,0,0,0,0,,,,,0
513488700,LAVERIE DU CENTRE,2019,37769,-216,38067,690,690,-0.6,1.8,1.8,235,9892,-216,5374,3704,1058,-0.9,74.5,-1.5,-2,1
513488700,LAVERIE DU CENTRE,2018,44411,9727,0,0,0,,,,,0,0,0,0,0,,,,,0
513488700,LAVERIE DU CENTRE,2017,45641,8427,0,0,0,,,,,0,0,0,0,0,,,,,
513488700,LAVERIE DU CENTRE,2016,40259,5088,35721,5302,5082,12.6,13.2,12.6,,14619,5308,9782,3706,-20523,3,-28.1,29.8,-106.1,
513488700,LAVERIE DU CENTRE,2015,0,0,0,0,0,,,,,0,0,0,0,0,,,,,
384589628,ORGANIS,2015,86745,20628,83972,25697,23840,23.8,29.6,27.5,3929,158315,22485,29802,3984,-5253,-0.6,96,8,8.3,1
384589628,ORGANIS,2014,0,0,0,0,0,,,,0,0,0,0,0,0,,,,,0
483340212,SARL LAVNET,2019,190634,2892,190350,18322,3893,1.5,9.6,2,30228,42605,17317,39559,18241,-156440,-0.1,33.5,0.9,2.6,
483340212,SARL LAVNET,2017,180833,1292,180833,7491,1506,0.7,4.1,0.8,28380,39756,7273,22240,12034,-155385,-0.1,31.5,0.4,1.2,1
483340212,SARL LAVNET,2016,175821,6200,171232,11895,7294,3.5,6.8,4.1,,46742,10799,14651,,-165025,-0.5,36.2,2.2,6,
524200425,LM LAVAGE,2024,36720,4485,,,,,,,,,,,,,,,,,
524200425,LM LAVAGE,2023,36905,-5957,36905,-5833,-5957,-16.1,-15.8,-16.1,,6024,-5833,5530,10612,-1951,-1.2,71.7,-86.3,-120.4,
524200425,LM LAVAGE,2022,32810,1584,32810,1928,1584,4.8,5.9,4.8,,11216,1928,9127,7115,-1311,-1,81.7,11.9,14.5,
524200425,LM LAVAGE,2021,32705,-707,32715,-343,-707,-2.2,-1,-2.2,,11350,-343,6966,6994,-3004,-1.2,74.6,-5.7,-7.6,
524200425,LM LAVAGE,2020,32020,-2865,32020,-3292,-2865,-8.9,-10.3,-8.9,,10146,-2192,3967,6852,-1456,-1,80.9,-23.1,-28.6,
524200425,LM LAVAGE,2019,32730,-5452,32730,-4639,-5452,-16.7,-14.2,-16.7,,11777,-4639,4455,8707,-985,-0.9,87.2,-36.9,-42.3,
524200425,LM LAVAGE,2018,32510,-2730,32379,-1097,-2029,-8.4,-3.4,-6.2,,16527,-1798,2372,3119,-908,-0.9,91.2,-13.6,-14.9,
524200425,LM LAVAGE,2017,36075,6815,34134,7972,6815,18.9,22.1,18.9,,17101,7972,8371,,407,-0.8,98.2,31.7,32.3,
524200425,LM LAVAGE,2016,33805,3841,31664,5215,3841,11.4,15.4,11.4,,14290,5215,5619,,-3554,-1,76.8,20.7,26.9,
329402390,LAVERIE DE LA BASTILLE,2023,100304,100741,100475,23579,23082,100.4,23.5,23,3551,85664,101238,27927,4106,56872,-0.5,75,50.3,67.1,
329402390,LAVERIE DE LA BASTILLE,2022,87948,1935,0,0,0,,,,0,0,0,0,0,0,,,,,
329402390,LAVERIE DE LA BASTILLE,2021,74521,-2807,75693,-2556,-2807,-3.8,-3.4,-3.8,6551,52900,-225,14762,14775,-28192,-1,56.3,-3.3,-5.9,
329402390,LAVERIE DE LA BASTILLE,2020,109656,-344,108362,9162,-310,-0.3,8.4,-0.3,8551,55826,9128,45050,34665,-26250,-0.9,57.6,-0.4,-0.7,
329402390,LAVERIE DE LA BASTILLE,2019,133889,6154,132771,19549,7202,4.6,14.6,5.4,8659,50759,19251,67561,41543,-30203,-0.8,55.3,6.7,12.1,
329402390,LAVERIE DE LA BASTILLE,2018,130858,7739,129020,22138,9041,5.9,16.9,6.9,21659,31928,20836,64136,37261,-17624,-0.2,50.6,8.8,17.4,
329402390,LAVERIE DE LA BASTILLE,2017,132134,7659,129758,20215,8906,5.8,15.3,6.7,23659,25573,18968,70159,47977,-30058,-0.1,38.4,8,20.8,
329402390,LAVERIE DE LA BASTILLE,2016,127816,1697,125339,16566,1875,1.3,13,1.5,41735,4237,16388,56594,37939,-9615,1.3,34.4,2,5.8,
329402390,LAVERIE DE LA BASTILLE,2015,123711,734,121314,9597,760,0.6,7.8,0.6,23681,7245,9571,54071,42378,-20786,0.6,36,1,2.7,
